month,slope,rsquared
1,0.444254708000859,0.11
2,0.729951186891761,0.12
3,0.719178870294455,0.16
4,0.502137503165302,0.11
5,0.487009881589781,0.11
6,0.850473137355334,0.17
7,0.667468689868074,0.18
8,0.746107403699587,0.22
9,0.610322249486004,0.23
10,0.498752223023166,0.41
11,0.540310386425228,0.27
12,0.608893749479199,0.18
