month,slope,rsquared
1,0.449645643058612,0.11
2,0.729812471788997,0.12
3,0.717090637677761,0.16
4,0.495813248074449,0.11
5,0.488106187050442,0.12
6,0.832703579402059,0.17
7,0.674265021531041,0.17
8,0.743294795873808,0.22
9,0.60798393106203,0.23
10,0.459210077798274,0.41
11,0.554115004352615,0.27
12,0.589424325307253,0.19
