site_name,elevation,precipitation_ratios,rsquared,RMSE
A,2376.5625,1.73827111541117,1,0.0588905313643198
B,2324.5,1.91384893011848,0.333333333333333,0.182366484523446
C,2456,1.63218448212189,0.8,0.120232967021688
D,2544.16666666667,2.84633386859337,1,0.338092949847933
E,2453.2,1.24507933855996,0.866666666666667,0.149678898063002
F,2351.5,1.52169677875821,1,0.168951137873134
G,2479.625,1.6548589921049,0.948683298050514,0.0209743164680905
Z,2579.16666666667,3.00311621701691,1,0.71898396042128
All_sites,NaN,1.88480670028977,0.725524587802047,0.543225915978284
