site_name,elevation,precipitation_ratios,rsquared,RMSE
A,2376.47058823529,1.8277440917667,1,0.0713997674857032
B,2324.5,2.11217025061509,1,0.023080656087242
C,2456,1.70618862144882,0.866666666666667,0.185424899010347
D,2544.16666666667,2.84749768097466,1,0.326773015888218
E,2453.125,1.23618773959443,0.80952380952381,0.20203166210229
F,2351,1.58478353655751,1,0.0867941915484742
G,2479.82352941176,1.69877876655023,0.948683298050514,0.08877235789453
Z,2579,3.16007086463272,1,0.430060613029519
All_sites,NaN,1.95627714667806,0.707085155167354,0.561423508207247
