site_name,ks,ki,Rsquared_ks,Rsquared_ki,RMSE_ks,RMSE_ki
A,-0.00406227349997066,-0.00565850093032216,-1,-0.7096921893772,0.500184981043617,0.30306897653869
B,-0.00369388468055928,-0.00530419950260061,-1,-0.785714285714286,0.368389156966682,0.188001357106495
C,-0.00440503765909742,-0.00676478968883489,-0.666666666666667,-0.636363636363636,0.334087800158503,0.40955627282939
D,-0.00472257007701437,-7.37320964408872e-05,-0.619047619047619,-1,0.423741446128708,0.477628779321066
E,NaN,-0.00582095180272277,NaN,-0.743589743589744,NaN,0.496368902258029
F,-0.0037314945651646,-0.0046083458709828,-1,-0.733333333333333,0.346020310416632,0.276987835484665
G,-0.00393428839552336,-0.00539331473554502,-0.333333333333333,-0.466666666666667,0.372248540096244,0.628134289032072
Z,-0.00396941636834936,NaN,-0.8,NaN,0.482276102615032,NaN
All_Sites,-0.00413914838174644,-0.00559920052326705,-0.489230769230769,-0.645586360018662,0.45262873239936,0.421106300905257
