month,slope,rsquared
1,1.48122403132547,0.19
2,1.70571173537961,0.19
3,1.63520617892381,0.18
4,1.01938817261242,0.1
5,0.893153368824485,0.22
6,0.892428860634542,0.17
7,0.830888737692552,0.04
8,0.613468963397105,0.17
9,0.758282741781889,0.05
10,0.983381974032343,0.19
11,1.25835033860134,0.17
12,1.36551843153175,0.11
