month,slope,rsquared
1,1.37730601584971,0.16
2,1.66521051341532,0.19
3,1.62427440666446,0.37
4,0.93268490227521,0.09
5,0.858528004259052,0.2
6,0.777841287713977,0.15
7,0.563758029546341,0.01
8,0.626012514447112,0.12
9,0.69881980600624,0.09
10,0.900241241211236,0.22
11,1.25513898814103,0.17
12,1.43584073341535,0.13
