month,intercept,slope,rsquared
1,-4.81704684024272e-18,1,1
2,-3.47301197281152e-17,1,1
3,-1.84652606366244e-18,1,1
4,-6.51177010480604e-17,1,1
5,3.36288221192625e-16,1,1
6,-3.95703807048436e-16,1,1
7,4.21181347684055e-16,1,1
8,8.48884601281465e-16,1,1
9,-1.71618351572845e-16,1,1
10,1.4021306665893e-17,1,1
11,7.44134388631743e-19,1,1
12,1.63064356973016e-17,1,1
