month,slope,rsquared
1,1.59544347680181,0.02
2,1.26145631754131,0.04
3,1.76000441228011,0.01
4,1.75963361144141,0.01
5,0.982672800198485,0.04
6,1.09120825376355,0.04
7,1.00396419523268,0.01
8,1.83388671468404,0.04
9,1.7011621456913,0.02
10,1.3707242494399,0.03
11,1.65672833426496,0.03
12,1.09879873082666,0.02
