month,slope,rsquared
1,1.59544347680181,0.02
2,1.26145631754131,0.04
3,1.78979473413261,0.01
4,1.62227342772394,0.01
5,0.938678747687295,0.04
6,1.06433537323092,0.04
7,1.00899756759148,0.01
8,1.72821515973448,0.04
9,1.71675087735738,0.02
10,1.37338962061679,0.03
11,1.65672833426496,0.03
12,1.09879873082666,0.02
