month,intercept,slope,rsquared
1,-2.65990449818611e-17,1,1
2,7.52082632954719e-17,1,1
3,5.42169747325348e-17,1,1
4,-1.31580913155411e-17,1,1
5,-1.07020437037006e-16,0.999999999999999,1
6,-1.02788290597981e-15,1,1
7,2.70908056811203e-17,1,1
8,-8.25859609465389e-16,1,1
9,3.5254823705163e-16,1,1
10,-1.5641179716435e-16,1,1
11,7.44259525101494e-18,1,1
12,-4.3043774824777e-17,1,1
