month,intercept,slope,rsquared
1,4.94955134125377e-17,1,1
2,3.48245520453008e-17,1,1
3,8.36703551507786e-17,1,1
4,-8.20356000343779e-17,1,1
5,5.35362740122034e-17,1,1
6,-4.07798688294415e-16,1,1
7,4.46538004387191e-16,1,1
8,-2.75551460203038e-16,1,1
9,2.99162525076233e-16,1,1
10,-1.41440414212041e-16,1,1
11,2.94366281683905e-17,1,1
12,-1.94798133356568e-17,1,1
