site_name,elevation,precipitation_ratios,rsquared,RMSE
A,849,2.02463985662569,0,0.100821067659629
B,965.5,2.89435768998277,0.666666666666667,0.246211975914615
C,1083.22222222222,3.50266169490535,0.2,0.27985711764147
D,1191.66666666667,3.29884097905734,0.2,0.251833187709749
E,1249.77777777778,4.73155050967422,0.6,0.252826181519867
F,1237.55555555556,2.63777732696396,0.666666666666667,0.116058561772762
G,1205.37037037037,2.88355408388521,NaN,0
H,1150.28571428571,3.07671081677704,NaN,0
All_sites,NaN,3.28181568231024,0.485422497454356,0.418322092275105
