site_name,elevation,precipitation_ratios,rsquared,RMSE
A,846.416666666667,2.21643712476162,0.4,0.159473552665458
B,963.384615384615,2.88581786464753,0.8,0.199708221442366
C,1082.42857142857,3.38390794001698,0.466666666666667,0.281835084142198
D,1190.76,3.27898043780396,0.428571428571429,0.223488445561384
E,1248.1,4.50330327091564,0.733333333333333,0.29066014053095
F,1236.4,2.74536699804167,0.8,0.117150316436218
G,1205.37037037037,2.88355408388521,NaN,0
H,1150.28571428571,3.07671081677704,NaN,0
All_sites,NaN,3.2473910432909,0.581996577775675,0.416189381134728
