month,intercept,slope,rsquared
1,3.32255043602111e-16,0.999999999999993,1
2,-6.40596957985334e-17,1,1
3,-1.85210506452765e-16,0.999999999999998,1
4,-1.32656573436818e-17,1,1
5,-2.50558545754582e-15,0.999999999999999,1
6,-4.66867305451429e-15,0.999999999999998,1
7,-1.64738282455483e-15,1,1
8,-1.83297100357084e-15,0.999999999999998,1
9,-7.62722596995285e-16,1,1
10,1.18989839594968e-16,1,1
11,-2.59356634322155e-16,0.999999999999997,1
12,3.63370897204725e-16,0.999999999999998,1
