month,intercept,slope,rsquared
1,1.9901992323852e-18,1,1
2,1.00350730189253e-17,1,1
3,4.77131034880736e-17,1,1
4,-1.17974016261992e-17,1,1
5,-5.70902789898187e-16,1,1
6,-3.95703807048436e-16,1,1
7,4.21181347684055e-16,1,1
8,8.48884601281465e-16,1,1
9,5.27358931585561e-16,1,1
10,1.3593597941781e-17,1,1
11,1.82241382412518e-17,1,1
12,3.20040333226489e-17,1,1
