month,intercept,slope,rsquared
1,1.19310722867653e-16,1,1
2,-9.28955702430267e-17,0.999999999999999,1
3,2.03882022937073e-18,1,1
4,2.19790220538526e-16,1,1
5,-1.81593210975634e-16,1,1
6,4.5614150634106e-16,1,1
7,7.24127408344885e-16,1,1
8,5.77337688561398e-16,1,1
9,-2.49938925080775e-16,1,1
10,-9.74093711756905e-17,1,1
11,-5.5787079096222e-17,1,1
12,8.71601299038421e-17,1,1
