month,intercept,slope,rsquared
1,9.21862424373845e-17,1,1
2,2.02799717763193e-17,1,1
3,3.06337337846678e-17,1,1
4,-6.73735109677696e-17,0.999999999999999,1
5,-3.31011203212856e-16,1,1
6,8.15141063599211e-16,1,1
7,6.39757539031853e-16,1,1
8,-1.74682077177647e-16,1,1
9,-8.37143346249577e-16,0.999999999999999,1
10,2.33996929575765e-16,0.999999999999999,1
11,-1.30231325407192e-17,1,1
12,-8.49728468399823e-17,0.999999999999999,1
